id;isbn;title;year;author
B-001;978-617-7489-01-2;Кобзар;2021;Тарас Шевченко
B-002;978-966-03-8551-2;Місто;2019;Валер'ян Підмогильний
B-003;978-966-10-5231-3;Тіні забутих предків;2018;Михайло Коцюбинський
B-004;978-0-13-235088-4;Clean Code;2008;Robert C. Martin
B-005;978-0-201-61622-4;The Pragmatic Programmer;1999;David Thomas
B-006;978-617-679-055-6;Захар Беркут;2020;Іван Франко
B-007;978-966-03-7000-0;Тигролови;2022;Іван Багряний
B-008;978-0-13-449416-6;Clean Architecture;2017;Robert C. Martin
B-009;978-617-12-8501-1;Маруся Чурай;2021;Ліна Костенко
B-010;978-966-03-5123-4;Енеїда;2017;Іван Котляревський
B-011;978-966-03-0001-1;Збірка пам'яток давньої літератури
B-012;978-966-03-0002-2;Астрономія майбутнього;2099;Петренко В.
B-013;;Без назви та ISBN;2015;Анонім
